"id","word","part_of_speech","def","example_sentence1","example_translation1","DetailedDefinition"
1,"monologue","n.","獨白","Phone messages are a type of monologue.","電話留言是一種獨白。",""
2,"expert","n.","摘錄","Here's an expert of the professor's speech for your reference.","這裡是教授演講的一份摘錄，供你參考。",""
3,"documentation","n.","紀錄；證明文件","Ben's passport application was rejected because he failed to supply the correct documentation.","班的護照申請被拒，因為他沒有提供正確的文件。",""
4,"sentimental value","","紀念價值","Jim kept his old basketball shoes because of their sentimental value.","吉姆留著他的舊籃球鞋，因為他們有紀念價值。",""
5,"megapixel","n.","百萬畫素","The camera on my new phone has a resolution of 12 megapixels.","我新手機的相機有一千兩百萬畫素。",""
6,"flow chart","n.","流程圖","The flow chart is too complicated for me to comprehend.","這流程圖複雜到我無法理解。",""
7,"diagram","n.","圖表","The diagram shows the complicated relationships among European royal families in the Middle Ages.","這張圖顯示中世紀歐洲皇室間的複雜關係。",""
8,"multiple choice","n.","選擇題","There are only multiple choice questions in our exam.","我們的考試只有選擇題。",""
9,"modify","vt.","修正；修改","Ross had to modify his report several times before he could submit it.","羅斯得把他的報告修改好幾次才終於可以交出去。",""
10,"incomplete","a.","不完整的","It is said that the painter's last work was actually incomplete.","聽說這畫家的最後一幅作品其實並未完成。",""
11,"skim","vt.","略讀","You skim a reading passage to get its main idea, while you scan a reading for specific facts.","略讀文章是為了找主題，而掃描文章則是為了尋找某個特定陳述。",""
12,"contrast","vt.","對照","Please write a review by comparing and contrasting the two new smartphones.","請比較對照這兩款新手機然後寫評測。",""
13,"feature","n.","特色；功能","The new smartphone has an innovative feature.","這款新手機有個創新的功能。",""
14,"drawback","n.","缺點","The plan's drawback is that it is too costly.","這計畫的缺點是成本太高了。",""
15,"hazardous","a.","危險的","The plant complex was closed due to a leak of hazardous gas.","廠區由於危險氣體外洩而關閉。",""
16,"invaluable","a.","無價的","The kids gained invaluable experience in the camp.","孩子們在夏令營中學到寶貴的經驗。",""
17,"continuously","adv.","持續地","Shelly was banned from that restaurant because she continuously filed complaints about its service.","雪莉被那家餐廳列入黑名單，因為她不斷投訴他們的服務。",""
18,"consequence","n.","後果","There will be consequences if you break the law.","如果你違法一定會有不良後果。",""
19,"overwhelming","a.","無法承受的","I felt an overwhelming sense of dread when I stepped onto the stage.","當我踏上舞台，我感到一種無法承受的恐懼感。",""
20,"overwhelm","vt.","壓倒；征服","The tourists were all overwhelmed by the magnificence of the canyon.","遊客們都被峽谷的壯麗所震攝懾。",""
21,"decade","n.","十年","Gina has been working in the company for a decade.","吉娜已經在這家公司做了十年。",""
22,"justify","vt.","使合理","Dick always says that the end justifies the means.","迪克老是說為達目的可以不擇手段。",""
23,"maximum","n.","最大值","Tina turned up the volume of her stereo to the maximum and danced to the music.","提娜把音響開到最大，跟著音樂跳舞。",""
24,"infer","vi.","推論；推測","Amy inferred from Tom's letter that he was about to break up with her.","艾咪從湯姆的信中推測他就快要跟她分手了。",""
25,"occasionally","adv.","偶爾","Tim is not a smoker, but he puffs on one occationally.","提姆沒有菸癮，但偶爾會來上一根。",""
26,"analysis","n.","分析","The boss was not satisfied with our market analysis.","老闆不滿意我們做的市場分析。",""
27,"provided that","","唯有","I will go to the party provided that you go, too.","唯有你也去派對，我才要去。",""
28,"vital","a.","極重要的","The government grant is vital to our research project.","政府的補助款對我們的研究計畫極為重要。",""
29,"negative","a.","負面的","The restaurant received many negative reviews about their appetisers.","這家餐廳的前菜受到許多負評。",""
30,"statement","n.","說法；陳述","The movie star made a public statement saying that she would retire from acting.","這位影星公開發表聲明說她將退休不再演戲。",""
31,"curcial","a.","關鍵的；重要的","The police lost the crucial evidence in the case and had to drop it.","警方弄丟了案件的關鍵證據，因此不得不放棄。",""
32,"relatively","adv.","比較地","Unfortunately, my team's chance of winning is relatively slim.","可惜我的球隊贏球的機會比較低。",""
33,"confide in","","告訴（某人）秘密","Renee confided in her bestie that she had a crush on Alex.","芮妮秘密告訴她的閨密說她暗戀艾力克斯。",""
34,"evidence","a.","明顯的","It is evident that Dolly is interested in Fred.","朵莉明顯對弗雷德不感興趣。",""
35,"combination","n.","組合；綜合","The combination of fish and chips is heven!","魚與薯條得組合真是天作之合。",""
36,"specific","a.","特定的；細部的","Be specific when you make your argument.","在做論證時要講的細一點。",""
37,"distraction","n.","分心","Dad allows no distractions when he is reading the newspaper.","老爸在讀報紙時不准任何人去打擾他。",""
38,"relevant","a.","有關的；重要的","The ex-president is still relevant in the world of politics because the new president is his protege.","前總統在政治圈仍舉足輕重，因為新總統是他的門生。",""
39,"italics","n.","斜體字","Alice type the word ""very"" in italics to stress its importance.","艾麗絲把very打成斜體以強調其重要性。",""
40,"essential","a.","最重要的；基本的","Water and oxygen are essential to the survival of all animals.","水與氧氣是所有動物存活的基本要素。",""
41,"whereabouts","n.","去處","We don't know our cat's whereabouts.","我們不知道我們的貓跑去哪了。",""
42,"adequately","adv.","充分地","Many secondary school student are not adequately prepared for sixth-form education.","許多中學生沒有為六年級教育做好充分的準備。",""
43,"prompt","n.","提示","In the IELTS speaking test, candidates will be given prompts on the topics they should be addressing.","在雅思口說考試時，考生會被提供該談論什麼主題的提示卡。",""
44,"improbable","a.","不太可能的","It is improbable that the project will be finished on time.","這專案要準時完成不太可能。",""
45,"permanent","a.","永久的","This disease may resault in permanent damage to the body.","這種疾病可能會導致身體的永久損傷。",""
46,"diminish","vi.","縮減","Interest in the daily infection figures has diminished over time.","人們對於每日感染數字的關注逐漸減弱。",""
47,"reinforce","vt.","加強","The school tried to reinforce campus safety by adding more security guards.","學校加派警衛希望能加強學校安全。",""
48,"celebrate","vt.","慶祝","The country is celebrating its 100th national day.","這個國家正在慶祝建國一百年。",""
49,"celebrated","a.","有名的","The movie is directed by the celebrated, award-winning director.","這部電影是由一位知名且獲獎過的導演所執導。",""
50,"kilometer","n.","公里","Elsa jogs five kilometers every day.","艾莎每天慢跑五公里。",""
51,"dominate","vt.","稱霸","This company used to dominate the memory chip industry.","這家公司曾經稱霸記憶體晶片產業。",""
52,"typically","adv.","典型地","The boss is typically testy today.","今天老闆還是一如既往的暴躁。",""
53,"survival","n.","生存；存活","Survival in the Antarctic is very difficult.","在南極要生存非常困難。",""
54,"plan","n.","平面圖；格局圖","The renovation of the building was difficult because the original plan was missing.","整修大樓的工作很困難，因為原始的設計圖遺失了。",""
55,"gap","n.","空格","Please fill in the gaps with your name and address.","請在空格內填入你的姓名和地址。",""
56,"significant","a.","明顯的；重要的","There's a significant statistical error in your report.","你的報告裡面有個重大的統計數字錯誤。",""
57,"precede","vt.","在…之前發生","The shower was preceded by loud thunder and lightning.","陣雨之前是響雷與閃電。",""
58,"highlight","vt.","強調","The teacher highlighted the importance of attendance in our final grades.","老師強調出席率對我們期末成績的重要性。",""
59,"indefinitely","adv.","期限未定地","The restaurant will be closed indefinitely.","這家餐廳將無期限停業。",""
60,"imperfect","a.","不完美的","The little boy drew an imperfect circle on the paper.","這小男孩在紙上畫了一個不完美的圓。",""
61,"admire","vt.","欽佩；讚美","Mother Teresa was admired by many people.","泰瑞莎修女受到許多人的欽佩。",""
62,"be inclined to ","","傾向","The manager was inclined to reject John's proposal.","經理傾向退回約翰的提案。",""
63,"incline","n.","坡度；斜度","The sheep are grazing on the meadow with a gentle incline.","羊群正在一塊緩坡上吃草。",""
64,"circumstance","n.","情況；狀況","Under no circumstances will I go to the prom the Jane.","我打死都不會跟珍一起去舞會。",""
65,"individual","a.","個人的","Individual freedom is the basis of democracy.","個人自由是民主的基石。",""
66,"absolutely","adv.","絕對地","I will absolutely take a day off tomarrow.","我明天鐵定要休假一天。",""
67,"have access to …","","可得到…；可進入…","Peter no longer has access to the building now that he has left the company.","彼得離開公司後就無法進入大樓了。",""
68,"context","n.","前後文","I find it hard to interpret statements taken out of context.","我很難去解釋被斷章取義的陳述。",""
69,"candidate","n. ","候選人；考生","The examiner will ask the candidate a number of questions in the speaking test.","考官將在口說測驗中問考生好幾個問題。",""
70,"disapproval","n.","不贊成","Hank decided to pursue a musical career despite his parents' disapproval.","漢克決定不顧父母的反對追求音樂事業。",""
71,"cue","n.","提示","I will whistle as a cue for everyone to sing ""Happy Birthday"".","我會吹口哨提示大家開始唱「生日快樂」歌。",""
72,"determine","vt.","決定；判定","Pete has determined to get a job after secondary school rather than go to college.","彼得決定中學畢業後不去念大學而是直接去工作。",""
73,"reflect","vt.","反映","Sarah's vinyl collection reflects her good musical taste.","莎拉黑膠唱片收藏反映了她的音樂好品味。",""
74,"gist","n.","要點；主旨","You should scan the article first to get the gist of it.","你應該先掃描文章來了解一下它的重點",""
75,"proceed","vi","繼續進行；前進","After a drink of water, the speaker proceeded with her speech.","演講人喝一口水後繼續她的演說。",""
76,"cater for …","","為…提供服務","The English school caters for adults and children alike.","這家英語學校同時提供成人與兒童英語課程。",""
77,"beneficial","a.","有益的","It is said vegetable is particularly beneficial for our stomach.","聽說這種蔬菜格外顧胃。",""
78,"partially","adv.","部分地","This company partially belongs to my uncle.","這家公司有一部份是我叔叔的。",""
79,"intently","adv.","專注地","Daniel listened intently to the teacher's lecture.","丹尼爾專注地聽著老師講課。",""
80,"separately","adv.","各自地","These two issues should be dealt with separately.","這兩個問題應該被分開處理。",""
81,"interrupt","vt.","打斷；打擾","Please don't interrupt our conversation.","請勿打斷我們的話。",""
82,"delighted","a.","歡樂的","The basketball team were delighted after winning the game.","籃球隊在比賽贏球後相當高興。",""
83,"round off ","","結束","The band rounded off their tour in Wembley Stadium.","這樂團在溫布利球場進行巡迴演唱的最終演出。",""
84,"thrilled","a.","興奮的","The kids were thrilled when they found out they would spend the holiday in Disneyland.","孩子們知道要去迪士尼樂園度假後興奮得不得了。",""
85,"version","n.","版本","The Japanese language version of the novel receives bad reviews due to a poor translation.","這本小說的日語版本由於翻譯不佳得到差評。",""
86,"approximately","adv.","大約","The population of Taiwan is approximately 23 million.","台灣的人口大約是兩千三百萬。",""
87,"heading","n.","小標題","There are five headings for each of the five paragraphs.","五個段落各有一個小標題。",""
88,"adhere to …","","固守…；支持…,","Christopher is a persion who always adheres to his principles.","克里斯多福是一個永遠固守原則的人。",""
89,"paraphrase","vt.","改寫；改述","In IELTS writing tests, candidates are required to paraphrase the expressions used in the questions instead of copying them.","再雅思寫作測試中，考生會被要求改寫題目中的用詞與語句，而非照抄。",""
90,"subject matter","","主題","I finished reading the article but still didn't know exactly what the subject matter was.","我看完了這篇文章，但仍不知道主題到底是什麼。",""
91,"alter","vi. & vt.","改變","Benny's plans altered when it started pouring with rain.","當開始下起傾盆大雨，班尼改變計畫。",""
92,"lay out","","列出","Irene laid out her collection of brooches for her friends to look at.","艾琳把她的胸針收藏排列出來給朋友們看。",""
93,"concise","a.","簡潔的","The essays Howard wrote were concise and inspiring.","霍華寫得短篇文章精簡而具有啟發性。",""
94,"represent","vt.","代表","The lawyer said he represented the murder suspect.","這律師說他代表那個殺人嫌犯。",""
95,"officially","adv.","正式地；官方地","The power couple's marriage was officially over.","這對名人夫婦的婚姻正式畫下句點。",""
96,"credibility","n.","可信度","The prosecutor questioned the credibility of the witness.","檢察官質疑那位證人的可信度。",""
97,"aspect","n.","（事物的）方面、層面","There is one aspect of the plan that I don't understand.","這計畫有一個方面我不太理解。",""
98,"proximity","n.","靠近（不可數）","The rent for this flat is more expensive because of its proximity to the college.","這公寓的租金比較貴，因為靠近大學。",""
99,"criticise","vt.","批評","The government was severely criticised for its new tax regulations.","政府的新稅制度遭受嚴重批評。",""
100,"constrained","a.","受限的","That is all I can do with a constrained budget.","由於預算有限，我只能做到這樣。",""
101,"theme","n.","主題","The main theme of the movie is how to deal with grief.","這電影的主題是如何處理悲傷。",""
102,"enhance","vt.","加強；強化","The use of garlic enhanced the dish's flavour.","用了大蒜後菜的香氣大增。",""
103,"satisfaction","n.","滿意；滿足","Vince can't get satisfaction out of his job.","文斯無法從工作中得到滿足。",""
104,"intimidating","a.","令人生畏的","The 200-pound, six-foot-two boxer looks intimidating.","這位體重兩百磅、身高六尺二寸的拳擊手看起來有點嚇人。",""
105,"prevent","vt.","預防","We must prevent the infectious disease from spreading.","我們一定要預防這種傳染病蔓延開來。",""
106,"boost","vt.","促進；提升","The store owner believed the sale could boost sales by 30%.","店老闆相信這波特價苦以提升銷量達三成。",""
107,"potentially","adv.","潛在的；可能地","Even jogging is potentially dangerous to our health if not done correctly.","如果沒有做對，就連慢跑都有可能傷害我們的健康。",""
108,"adaptation","n.","改編；適應","This movie is an adaptation of a best-selling novel.","這部電影是由暢銷小說改編。",""
109,"reassuring","a.","令人安心的","It is reassuring to know that Andy will lead the project.","我知道是安迪來當專案負責人後就放心了。",""
110,"destiny","n.","命運；天意","Ted thinks it's his destiny to become a painter.","泰德覺得他注定要當畫家。",""
111,"duplicate","vt.","複製","The Wimbledon champion couldn't duplicate her achievement the following year. ","這位溫布頓冠軍在接下來的一年沒法複製她的成就。",""
112,"respectively","adv.","各自地","John's three sons, Chris, Lee, and Ryan, are 15, 12, and 9, respectively.","約翰的三個兒子，克里斯、李和萊恩，分別是十五、十二與九歲。",""
113,"revert to …","","回復到…","The speaker reverted to unemployment issues near the end of his speech.","演講人在演講快結束時又回過頭將失業課題。",""
114,"grant","vt.","給予","The government decided to grant the defector political asylum.","政府決定給予那位投奔自由者政治庇護。",""
115,"granted","conj","假設；就算","Granted that you were right, it was not wise to confront your boss in public.","就算你是對的，公開與你老闆對槓也不是明智之舉。",""
116,"in conjunction with","","與…一起","The government announced a tax cut in conjunction with an interest rate reduction.","政府宣布減稅時同時降息。",""
117,"concurrently","adv.","同時期地","The actress is filming two movie projects concurrently.","這位女演員同時接演兩部戲。",""
118,"accelerate","vi.","加速","The driver accelerated, trying to beat the amber light.","駕駛加速想搶黃燈。",""
119,"gloomy","a.","憂鬱的","Penny has been gloomy since she broke up with Gray.","佩妮與蓋瑞分手後就一直很憂鬱。",""
120,"trigger","vt.","觸發","The riot was triggered by a policeman beating a man on the street.","警察在接毆打一名男子引發暴動。",""
121,"absorb","vt.","吸收","Use this sponge to absorb the water on the table.","用這塊海綿來吸餐桌上的水。",""
122,"frightening","a.","可怕的；恐怖的","The movie was so frightening that I kept my eyes closed half of the time.","這電影太恐怖了，我有一半時間都不敢張開眼睛看。",""
123,"persistent","a.","堅持的；持續的","There have been persistent rumors about the president's health for a number of years.","多年來他們持續謠傳總統的健康狀況。",""
124,"outright","adv.","直接了當地","Sandy said no to Adam's marriage proposal outright.","珊蒂當場拒絕亞當的求婚。",""
125,"unprecedented","a.","前所未有的","The area was hit by an unprecedented flood.","這地區遭受前所未有的洪水攻擊。",""
126,"lamentable","a.","可悲的；糟糕的","The team's performance in the match was lamentable.","這支球隊在比賽中的表現令人失望。",""
127,"thereby","adv.","藉此","Tom helped Rita with her homework, thereby getting the chance to meet her younger sister.","湯姆幫助麗塔做作業，藉此得到認識她妹妹的機會。",""
128,"wreak havoc","","造成重大破壞","The typhoon wreaked havoc on the small island.","颱風對這座小島造成重大破壞。",""
129,"erratic","a.","喜怒無常的","The president's erratic behaviour is often criticised by his enemies.","總統喜怒無常的行為常被政敵批評。",""
130,"dispute","n.","爭論","The two countries' trade dispute has lasted a year and a half.","兩國的貿易爭端已經持續了一年半。",""
131,"obligation","n.","責任；義務","Netflix's subscribers have an obligation to pay the monthly fee.","網飛的訂戶有義務繳月費。",""
132,"disruptive","a.","擾亂的","The company's price war against its main competitor is disruptive to the market stability.","此公司對主要競爭對手展開價格戰，擾亂了市場的穩定。",""
133,"exhilarating","a.","令人興奮的","The news that my son won the speech contest was exhilarating.","我兒子贏了演講比賽的消息真是讓我太高興了。",""
134,"appetite","n.","食慾","Eating snacks will spoil your appetite for dinner.","吃零食會讓你沒胃口吃飯。",""
135,"primary","a.","主要的；最初的","The new government's primary concern is inflation.","新政府的主要關切是通膨。",""
136,"accumulation","n.","累積","For a salaryman, accumulation of wealth is slow but steady.","薪水階級累積財富是緩慢但穩定的。",""
137,"explosion","n.","爆炸","The bomb explosion killed several soldiers and civilians.","這個炸彈爆炸造成數名士兵與平民死亡。",""
138,"constant","a.","持續的","patty is tired of her husband's constant complaints.","派蒂受夠了老公不斷的唸叨。",""
139,"accordingly","adv.","因此","The concert tickets are in high demand and priced accordingly.","演唱會門票的需求很大，價格也相應上漲。",""
140,"consent","n.","同意","We need your written consent to access your insurance document.","我們需要你的書面同意來取得你的保險文件。",""
141,"prejudice","n.","偏見","Prejudice against females is common in some workplaces.","職場裡對女性的偏見很普遍。",""
142,"in excess of","","超過","The Hendersons spent in excess of £50000 decorating their home.","韓德森花超過5萬英鎊來裝潢家裡。",""
143,"be confined to","","受限於","Wanda was confined to a wheelchair due to her injured leg.","汪達由於腿受傷只能坐輪椅。",""
144,"variation","n.","變化","Prices are subject to variation.","價格可能會變動。",""
145,"coupled with","","加上…；與…一起","Ambition, coupled with talent, made John one of the greatest contemporary painters.","抱負加上才能，讓約翰成為最偉大的當代畫家之一。",""
146,"severity","n.","嚴重程度","Several villages were flooded due to the severity of the storm.","暴風雨的嚴重程度導致好幾個村莊遭到淹沒。",""
147,"deteriorate","vi.","惡化","The old man's condition suddenly deteriorated.","這名老人的狀況突然惡化。",""
148,"ultimately","adv.","最終","Penny ultimately agreed to marry Leonard after several proposals.","佩妮在倫納德求婚數次後終於答應嫁給他。",""
149,"constitute","vt.","構成","What you just said constitudes slander.","你剛才說的話已經構成毀謗。",""
150,"attempt","vt.","試圖","Ben attempted to talk Mary into going bungee jumping.","班試圖說服瑪莉去玩高空彈跳。",""
151,"ward off","","避開：防止","Mick lit a mosquito coil to ward off mosquitoes.","米克點燃蚊香驅趕蚊蟲。",""
152,"impose ","vt.","加諸","The government imposed a new tax on luxury goods.","政府對奢侈品開徵新稅。",""
153,"as opposed to","","對比於","You're an angel, as opposed to your brat of a brother.","比起你那個無法無天的弟弟，你已經歲算天使了。",""
154,"incidence","n.","（事情的）發生率","The incidence of burglary in this community is very low.","這個社區發生竊案的機率極低。",""
155,"sheer","a.","純粹的；光是","The sheer thought of talking to the big boss was enough to make me tremble.","光是想到要和大老闆講話就嚇得我全身發抖。",""
156,"drastic","a.","激烈的","The city is planning drastic measures against drug dealing.","市府準備對毒販下猛藥整治。",""
157,"mitigate","vt.","使緩和","The government is trying to mitigate inflation.","政府試圖緩和通膨。",""
158,"dispel","vt.","驅散；消除","The police were trying to dispel the crowd of protesters.","警方試圖驅散抗議民眾。",""
159,"differentiate","vt.","辨別","The little kid couldn't differentiate a puppy from kitten.","這個小朋友無法分辨小狗與小貓。",""
160,"distinguish","vt.","分辨","It is a myth that a red-green colour-blind person can't distinguish red from green.","紅綠色盲的人無法辨別紅色與綠色是一種迷思。",""
161,"scarcely","adv.","幾乎沒有","David scarcely went to the library when he was in college.","大衛在大學時幾乎沒有去過圖書館。",""
162,"oppenent","n.","對手：敵手","The football team beat their long-time opponents in the final.","這支球隊在決賽中擊敗了他們的老對頭。",""
163,"disastrous","a.","慘烈的","The sex scandal was disastrous for the mayor's political career.","這起性醜聞對市長的政治生涯是個大災難。",""
164,"altogether","adv.","總共","You owe me £500 altogether.","你總共欠我五百英鎊。",""
165,"intensify","vi.","增強；變激烈","The border conflict between the two countries intensified over the last week.","上個禮拜兩國的邊界衝突加劇。",""
166,"underway","a.","正在進行的","The construction of the children's hospital is already underway.","兒童醫院的興建工程已經在進行了。",""
167,"prevalemce","n.","普及度","The prevalence of depression is higher in adolescents than in other age groups.","青少年族群的憂鬱症普及率高於其他年齡層。",""
168,"infectious","a.","傳染性的","COVID-19 is a highly infectious disease.","新冠肺炎是高度傳染性的疾病。",""
169,"be referred to as","","被稱為","Albert Einstein is referred to as the greatest physicist of the 20th century.","愛因斯坦被稱為是二十世紀最偉大的物理學家。",""
170,"dismiss","vt.","解散","The class was dismissed at four o'clock.","四點下課了。",""
171,"adjoining","a.","連接在一起的","The two families reserved adjoining rooms in the beach hotel.","兩家人在海灘飯店訂了相連接的兩個房間。",""
172,"ecstatic","a.","狂喜的","Don was ecstatic when he found out that he had gained admission to Oxford University.","唐知道自己錄取牛津大學後樂翻天了。",""
173,"enlightened","a.","開明的；有知識的","I expected Rachel to give me an enlightened answer, but she didn't.","我本預期瑞秋會給我一個通曉事理的答案，結果沒有。",""
174,"take … into consideration","","將…列入考慮","We have to take our competitors into consideration when planning our marketing strategies.","我們在規劃行銷策略時需要把競爭對手考慮進去。",""
175,"regarding","prep.","關於；就…而論","The manager is taking questions regarding the football team's poor performance this season.","經理正在接受關於這支球隊本季糟糕表現的提問。",""
176,"gesture","n.","肢體動作；姿態","Tom speaks with lots of gestures.","湯姆講話時動作很多。",""
177,"incorporate","vt.","納入；合併","Quincy's idea was incorporated in the plan.","昆西的點子被納入計畫當中。",""
178,"take … for granted","","將…視為理所當然","We should not take our parent's love for granted.","我們不該將父母的愛視為理所當然。",""
179,"company","n.","陪伴","Please keep me company until my mum comes home.","請陪者我等我媽回來。",""
180,"anniversary","n.","周年","The department store is having an anniversary sale.","這家百貨公司正在舉辦周年慶特賣。",""
181,"with walking distance","","走路可到的","A big department store is within walking distance of my house.","從我家走路就可以到一家大型百貨公司。",""
182,"necessity","n.","需要","Necessity is the mother of invention.","需求為發明之母。",""
183,"consternation","n.","錯愕","To his parent's consternation, Billy said he wouldn't go to college.","比利說他不要上大學，令他父母錯愕不已。",""
184,"exacerbate","vt.","使惡化","The economic troubles were exacerbated by the pandemic.","經濟問題由於疫情更加惡化。",""
185,"an obsession with","","執迷於","Tommy has an obsession with owning his own business, although he has failed several times.","湯米執迷於自己開公司，雖然他已經失敗好幾次。",""
186,"span","vt.","跨越（時間、距離）","The history of this ancient empire spanned over 1000 years.","這個古帝國的歷史跨越一千多年。",""
187,"come to pass","","發生","Chuck couldn't remember how the accident came to pass.","查克記不得那個意外是如何發生的。",""
188,"vice versa","","反之亦然","John hates Mary, and vice versa.","約翰討厭瑪莉，瑪莉也討厭約翰。",""
189,"relief","n.","救濟","The neighbouring countries's relief efforts are already underway.","鄰國的救濟行動已經展開。",""
190,"be dedicaed to","","獻給","The singer said the song was dedicated to the newlyweds.","歌手說這首歌要獻給這對新婚夫婦。",""
191,"appeal","vi.","吸引","This movie appeals to teenagers.","這部電影吸引青少年。",""
192,"elderly","a.","年老的","In this country, the elderly are generally respected.","在這個國家，老人整體上來說是受尊敬的。",""
193,"unspoilt","a.","未受破壞的","Fortunately, the rainforests in this region are unspoilt.","好在這個區域的雨林並未受到破壞。",""
194,"be absorbed in","","全心投入的","Jerry was so absorbed in his smartphone that he missed the bus.","傑瑞看手機出了神，以至於錯過公車。",""
195,"respectable","a","值得尊敬的","Susan is a lovely young woman who comes from a respectable family.","蘇珊是一個出生名門，年輕又貌美的女子。",""
196,"affection","n.","愛","Willie has great affection for his hometown.","威利非常愛他的家鄉。",""
197,"misconception","n.","錯誤觀念","Many people have misconceptions about coffee.","許多人對咖啡有錯誤觀念。",""
198,"irrespective of","","無論","Everyone must obey the law irrespective of their social status.","每個人無論其社會地位如何都必須守法。",""
199,"aspiration","n.","企圖心","Ted has an aspiration to become a rock guitarist.","泰德很想成為搖滾吉他手。",""
200,"interaction","n.","互動","Smartphones are often blamed for the decline in real-life human-to-human interaction.","智慧型手機常被歸咎為現實生活中人際互動減少的原因。",""
201,"convert","vt.","改變","The song recording was converted from analogue to digital.","這首歌的錄音從類比被轉換到數位格式。",""
202,"priviledge","n.","特權","Sam was given the priviledge of recruiting anyone in the company into his team.","山姆被賦予可徵招公司內任何人到他的團隊裡的特權。",""
203,"restrict","vt.","限制","What a candidate can bring into the exam room is restricted.","考生能帶進考場的事物是有限制的。",""
204,"secure","vt.","確定取得","The swimmer secured her place on the Olympic team after the tryout yesterday.","這位游泳選手在昨天的選拔賽後確定取得奧運代表隊的席位。",""
205,"flexible","a.","有彈性的","A garden hose is made of rubber and is flexible.","澆花的水管是橡膠材質，有彈性。",""
206,"intimate","a.","親密的","Chandra had an intimate conversation with her BFF.","錢德拉跟她的閨蜜有一段施蜜對談。",""
207,"be keen on V-ing","","很想做…","Roger is not keen on going to parties.","羅傑不是很喜歡參加派對。",""
208,"extraordinary","a.","非凡的","That achievement was extraordinary.","那項成就真是非凡。",""
209,"futuristic","a.","未來感的","The electric-powered car has a very futuristic look.","這台電動車的外觀非常有未來感。",""
210,"a mobile device","","行動裝置","Being a tech buff, Roger has all kinds of mobile divices.","身為一個科技迷，羅傑擁有各種行動裝置。",""
211,"peculiar","a.","奇特的；奇怪的","Diane speaks with a peculiar accent, and no one can guess where she's from.","黛安講話的口音很奇特，沒人猜得出她的籍貫。",""
212,"desperate","a.","走投無路的；迫切的","The man said he robbed the convenience store because he was desperate.","這男子說他搶超商是因為已經走投無路。",""
213,"gadget","n.","（科技）小玩意","Gadgets like drones are all the rage right now.","現在最紅的科技小玩意是無人機。",""
214,"foundation","n.","基礎；基金會","Math is the foundation of many applied sciences.","數學是許多應用科學的基礎。",""
215,"be characterised by","","具有…的特徵","Apple products are characterised by their sleek design.","蘋果產品的特色是光滑、流線的設計風格。",""
216,"voluntarily ","adv.","自願地","I did this voluntarily. No one forced me.","我自願做這事的。沒有人強迫我。",""
217,"barrier","n.","阻礙；障礙","Protectionism is the major barrier to free trade.","保護主義是自由貿易的最大障礙。",""
218,"staggering","a.","嚇人的","The number of confirmed cases was staggering.","確診人數相當嚇人。",""
219,"predominantly","adv.","主要地；佔多數地","The students in this college are predominantly Welsh.","這所大學的學生大多數是威爾斯人。",""
220,"presumably","adv.","據推測","Today's speaker, presumably a doctor, will talk about skin cancer.","今天的演講人——應該是位醫生，將要談皮膚癌。",""
221,"temporarily","adv.","暫時地；臨時地","The gymnasium is temporarily closed for repairs.","體育館因整修內部暫停開放。",""
222,"degradation","n.","劣化；退化","Land degradation is a serious global issue.","土地劣化是一個嚴重的全球性問題。",""
223,"installation","n.","安裝","The installation of the stereo system took an hour.","安裝這音響系統花了一小時。",""
224,"correlate with","","與…有關聯","Good marks correlate with the effort you put in your schoolwork.","好成績與你對學業的努力程度有關。",""
225,"association","n.","聯想","Association is a good way to memorise English vocabulary.","聯想法式背英文字彙的好方法之一。",""
226,"stem from","","來自…","Joey's problems stem from laziness.","喬伊的問題來自懶惰。",""
227,"subsequent","a.","接下來的","The actor's career declined in the subsequent years.","這演員的事業在接下來的年頭裡逐漸下滑。",""
228,"universal","a.","普遍的；普世的","Sibling rivalry is a universal issue.","手足間的競爭是一個普世問題。",""
229,"concrete","a.","具體的；實在的","The case was dismissed because the prosecutor couldn't present concrete evidence.","這案件由於檢察官無法提出具體的證據而被撤銷。",""
230,"fine-tune","vt.","微調","The government fine-tuned the economy by slightly cutting the interest rate.","政府藉由降利息來微調經濟。",""
231,"frequently","adv.","經常","Gray goes to that corner coffee shop frequently.","蓋瑞經常去街角那家咖啡館。",""
232,"sustainability","n.","永續性","Sustainability is the buzz word in modern-day politics, although few people can define it.","永續性是當代政治圈的關鍵字，雖然沒有幾個人可以解釋它。",""
233,"evidence","n.","證據","The police claim to hold key evidence in the murder case.","警方宣稱握有此謀殺案的關鍵證據。",""
234,"cease to","","停止","May's boyfriend never ceases to amaze her.","梅的男友永遠都讓她大開眼界。",""
235,"exceed","vt.","超越","What you've achieved has already exceeded our expectations.","你所成就的已經超越了我們的期待。",""
236,"implement","vt.","執行","We need more money to implement this project.","我們需要更多經費才能執行此專案。",""
237,"curiosity","n.","奇珍異寶；好奇心","The kids were amazed by everything they saw in the curiosity shop.","孩子們在珍寶店舖裡看到的所有東西都令他們驚嘆不已。",""
238,"appreciate","vt.","感激","We really appreciate what you've done for us.","我們真心感激您為我們所做的事情。",""
239,"instance","n.","情況；例子","Don't compromise in any instance.","任何情況下都不能妥協。",""
240,"instant","a.","立即的","Helen loves eating instant noodles.","海倫愛吃泡麵。",""
241,"be predisposed to ","","傾向","Gullible people are predisposed to believe everything they're told.","好騙的人傾向相信他們聽到的所有事情。",""
242,"sophisticated","a.","精密的","Smartphones are sophisticated machines.","智慧型手機是精密的機器。",""
243,"substantially","adv.","相當","Vic's personality is substantially different from that of his twin brother.","維克的個性跟他的雙胞胎弟弟大不相同。",""
244,"extent","n.","範圍；程度","The full extent of the damage caused by global warming may not be known for some time.","全球暖化造成破壞的程度可能在一段時間內還不得而知。",""
245,"derive from","","源自","Modern English derives from many languages, including French and German.","現代英文源自多國語言，包括法文與德文。",""
246,"attainable","a.","可達到的","I think our goal is attainable.","我覺得我們的目標可以達成。",""
247,"compact","a.","小巧的","The reviews praised the car's compact design.","這些評論讚賞這台車小巧的設計。",""
248,"reverse","a.","相反的","Discussing the problem with George will not help; it will have the reverse effect.","和喬治討論問題並沒有幫助，只會有反效果。",""
249,"abide by","","遵守","We should all abide by the law.","我們都該守法。",""
250,"component","n.","成分；零件","Honesty is the key component in the success of our business.","我們這一行最重要的成功要素就是誠實。",""
251,"extremist","n.","極端分子","The country has long suffered terrorist attacks by right-wing extremists.","這國家長久以來都受到右派極端分子的恐怖攻擊所苦。",""
252,"adverse","a.","負面的","The city's new parking rules had adverse effects.","市政府的新停車規定得到反效果。",""
253,"virtually","adv.","幾乎；實質上","The huge company controls virtually the whole of the country's petrol supply.","這家超大企業實質上控制了全國的汽油供應。",""
254,"scarcity","n.","缺乏","The scarcity of the fresh water is the village's biggest problem.","缺乏淡水是這個小村最大的問題。",""
255,"alleviate","vt.","緩解","Ed took a painkiller to alleviate his pain.","艾德吞了一顆止痛藥來緩解疼痛。",""
256,"detect","vt.","察覺；偵測","Sarah detected sarcasm in Tara's voice.","莎拉感覺塔拉的聲音裡有譏諷的意味。",""
257,"account for","","佔比例","Factory workers account for 60% of the voters in this region.","工廠工人佔此地選民的六成。",""
258,"hue","n.","色調","There are different hues of green for you to choose from on the screen.","螢幕上有多種不同的綠色色調供你選擇。",""
259,"divert","vt.","轉向","We were diverted through the side streets due to the construction ahead.","由於前方施工，我們被改道到小巷去。",""
260,"strive for","","為…奮鬥","Many women in the early 20th century were striving for their right to vote.","二十世紀初有許多女性正在為了投票權而奮鬥。",""
261,"clog","vt.","堵塞","The drain was clogged with grease and hair.","排水管塞滿油膩與頭髮。",""
262,"cylindrical","a.","圓柱體的","The tea leaves are packed in a cylindrical container.","茶葉裝在圓柱形的容器裡。",""
263,"hammer","n.","槌子","Gary used a hammer to drive the nail into the dry wall.","蓋瑞用槌子將釘子釘入石膏板牆。",""
264,"escort","vt.","護送；押送","I will escort you to the airport.","我將護送你去機場。",""
265,"eligible","a.","夠資格的","You're not eligible to take a driving test because you're too young.","你年紀太小，還沒資格考駕照。",""
266,"a fraction of ","","極小一部分","What the billionaire donated was just a fraction of his fortune.","這位億萬富翁的捐款只是他財產的九牛一毛而已。",""
267,"compensate … for …","","為…補償…","Ted took his girlfriend to a fancy restaurant to compensate her for standing her up last night.","泰德帶他的女友去一家高級餐廳吃飯，以補償昨晚放她鴿子。",""
268,"eclipse","vt.","使失色","For most of Jake's professional tennis career, his achievements were eclipsed by those of his arch-rival, Roger.","傑克大半個職業網球生涯的成就，都籠罩在死敵羅傑的陰影之下。",""
269,"maintenance","n.","維護；保養","Alex is responsible for the operation and maintenance of his machine.","艾力克斯負責操作與保養這台機器。",""
270,"suspect","vt.","懷疑","Mum suspected that Joe ate the last piece of cake.","媽懷疑是喬吃掉了最後一塊蛋糕。",""
271,"intellectual","a.","智慧的","Protection of intelllectual property is a mordern concept.","保護智慧財產權是蠻現代的觀念。",""
272,"diversity","n.","多樣性","The word biodiversity means ""biological diversity"".","biodiversity這個字代表「生物多樣性」。",""
273,"defect","n.","缺點","The main defect of this oven is that it heats up too slowly.","這個烤箱的主要缺點是就是加熱太慢。",""
274,"be afflicted by …","","為…所苦","The village has been afflicted by seasonal floods for many years.","這村落為多年來的季節性水災所苦。",""
275,"displace","vt.","取代","Social media has largely displaced face-to-face interaction with people.","社交媒體相當程度地取代了人們的面對面接觸。",""
276,"of one's own volition","","出於自願","Fred joined the army of his own volition.","弗雷德自願從軍。",""
277,"offset","vt.","抵銷","The pay rises have been offset by inflation over the past few years.","過去幾年的加薪都被通膨抵銷了。",""
278,"given…","prep.","在…的情況下","Given the economic uncertainty, investment in the private sector is surprisingly robust.","在經濟前景不明的情況下，民間部門的投資卻意外地蓬勃發展。",""
279,"magnitude","n.","規模","The magnitude of the new development project was beyond anyone's expectations.","這個新開發計畫的規模遠遠超乎任何人的想像。",""
280,"decline","vi.","下降；衰退","The DVD industry declined after streaming became popular.","在串流開始風行之後，DVD產業就衰退了。",""
281,"provided that","conj.","在...條件下","The event will be held outdoors provided that the weather is good.","只要天氣好，活動將在戶外舉行。",""
282,"profession","n.","職業","Teaching is a rewarding profession.","教學是一項有意義的職業。",""
283,"exceptional","adj.","傑出的","She is an exceptional student with high grades.","她是一位成績優異的傑出學生。",""
284,"stainless","adj.","不鏽的","We bought a set of stainless steel cutlery.","我們買了一套不鏽鋼餐具。",""
285,"aluminium","n.","鋁","This can is made of aluminium.","這個罐子是鋁製的。",""
286,"present","vt.","展示，呈現","The speaker presented his research findings to the audience.","演講者向聽眾展示了他的研究成果。",""
287,"tabernacle","n.","聖所","In the Bible, the tabernacle was a portable sanctuary.","在聖經中，會幕是一個可移動的聖所。","(in biblical use) a fixed or movable habitation, typically of light construction."
288,"choir","n.","合唱團","The church choir sang beautifully during the service.","教堂合唱團在禮拜儀式中演唱得非常優美。",""
289,"award","n./vt.","獎勵/給予","She received an award for her outstanding achievements. / The school awarded her a scholarship.","她因其傑出成就而獲獎。 / 學校授予她獎學金。",""
290,"would like to","aux. ph.","想要","I would like to order a cup of coffee.","我想要點一杯咖啡。",""
291,"platinum","n./adj.","白金","She wears a platinum ring. / This album has reached platinum status.","她戴著一枚白金戒指。 / 這張專輯已達到白金銷量。",""
292,"secretary","n.","秘書","The secretary handles all the administrative tasks for the department.","秘書負責處理部門所有的行政事務。",""
293,"pace","n./vi.","速度/踱步","The runner increased his pace in the final lap. / The speaker paced nervously.","賽跑選手在最後一圈加快了速度。 / 演講者緊張地踱步。",""
294,"revenue","n.","收入","The company's revenue increased significantly this year.","公司今年的收益顯著增加。",""
295,"soar","vi.","猛增，高飛","The price of oil began to soar.","石油價格開始飆升。",""
296,"apprehend","vt.","逮捕","The police apprehended the suspect near the scene.","警方在現場附近逮捕了嫌疑犯。",""
297,"revise","vt.","修訂","Please revise your essay before submitting it.","請在提交論文之前修改一下。",""
298,"application","n.","申請","She submitted her job application online.","她在網上提交了求職申請。",""
299,"in place of","prep. ph.","代替","We will have a substitute teacher in place of Mr. Smith today.","今天將由一位代課老師代替史密斯先生。",""
300,"owing to","prep. ph.","由於","The outdoor concert was cancelled owing to the heavy rain.","由於大雨，戶外音樂會被取消了。",""
301,"festival","n.","節日","We are going to attend the Lantern Festival next week.","我們下週將參加元宵節。",""
302,"conduct","vt./n.","進行/行為","The scientist will conduct an experiment. / His conduct at the party was inappropriate.","科學家將進行一項實驗。 / 他在派對上的行為不恰當。",""
303,"transportation","n.","運輸","Public transportation in this city is very convenient.","這個城市的公共運輸非常便利。",""
304,"agent","n.","代理人","We booked our flight through a travel agent.","我們透過旅行社預訂了機票。",""
305,"malware","n.","惡意軟體","Be careful not to download files that might contain malware.","小心不要下載可能包含惡意軟體的檔案。",""
306,"coordinate","vt.","準備/組織","The project manager will coordinate the efforts of the team members. / We need to coordinate our schedules for the meeting.","專案經理將協調團隊成員的工作。 / 我們需要協調彼此的行程以安排會議。",""
307,"anticipate","vt.","預期","We anticipate a large turnout for the event.","我們預期這次活動會有很多人參加。",""
308,"applicant","n.","申請人","The company will interview each applicant.","公司將面試每一位申請人。",""
309,"strategic","adj.","戰略性的","The company developed a strategic plan for long-term growth.","公司制定了一項長期發展的戰略計畫。",""
310,"consistent","adj.","持續的/一致的","His work has been of consistent high quality. / The results are consistent with our findings.","他的工作一直保持著很高的品質。 / 這些結果與我們的發現一致。",""
311,"the same ... as","phr.","和...一樣","Her dress is the same color as mine.","她的洋裝和我的是一樣的顏色。",""
312,"colleague","n.","同事","I often have lunch with my colleagues.","我經常和我的同事一起吃午餐。",""
313,"contingency","n.","意外事故/應急措施","We have a contingency plan in case of a power outage. / A contingency fund was set aside for unexpected expenses.","我們有一個應急計畫以應對停電的情況。 / 我們設立了應急基金以應對意外開支。",""
314,"personnel","n.","員工/人事","The company has a large number of personnel. / The personnel department handles hiring.","公司有大量的員工。 / 人事部門負責招聘。",""
315,"provision","n.","提供/條款","The government made provision for the homeless. / The contract includes a provision for early termination.","政府為無家可歸的人提供了幫助。 / 合約包含提前終止的條款。",""
316,"as if","conj.","彷彿/好像","He acted as if nothing had happened.","他表現得好像什麼事都沒發生一樣。",""
317,"raft","n./vi.","筏/乘筏子","They used a raft to cross the river. / They will raft down the river.","他們用筏子渡河。 / 他們將乘筏子沿河漂流。",""
318,"upon + (Ving)","prep. phr.","一...就","Upon hearing the news, she burst into tears.","一聽到這個消息，她就哭了出來。",""
319,"as of","prep.","從...開始","As of next Monday, the new policy will take effect.","從下週一開始，新政策將生效。",""
320,"commuter","n.","通勤者","Many commuters take the train to work.","許多通勤者搭火車上班。",""
321,"a selection of","phr.","各式各樣的","The store offers a wide selection of books.","這間商店提供各式各樣的書籍。",""
322,"press conference","n.","記者會","The CEO will hold a press conference tomorrow.","CEO 明天將舉行記者會。",""
323,"catch up","v.","趕上","I need to catch up on the latest news.","我需要趕上最新的新聞。",""
324,"expressway","n.","高速公路","Driving on the expressway can save a lot of time.","開車走高速公路可以節省很多時間。",""
325,"mutual","adj.","共同的/相互的","They have a mutual friend. / Theirs is a relationship built on mutual trust.","他們有一個共同的朋友。 / 他們的關係建立在相互信任的基礎上。",""
326,"forge","vt.","鍛造/建立","The blacksmith can forge tools from metal. / They worked together to forge a strong alliance.","鐵匠可以用金屬鍛造工具。 / 他們共同努力建立了強大的聯盟。",""
327,"professional","adj./n.","專業的/專業人士","She gave a professional presentation. / We need to consult a legal professional.","她做了一個專業的簡報。 / 我們需要諮詢一位法律專業人士。",""
328,"firm","n.","公司/事務所","He works for a well-known law firm. / She started her own accounting firm.","他在一間知名的律師事務所工作。 / 她創辦了自己的會計師事務所。",""
329,"portfolio","n.","作品集/投資組合","The artist presented his portfolio to the gallery owner. / She manages a diverse investment portfolio.","這位藝術家向畫廊老闆展示了他的作品集。 / 她管理著多元化的投資組合。",""
330,"intention","n.","意圖/目的","His intention was good. / What is your purpose in asking?","他的意圖是好的。 / 你問這個的目的是什麼？",""
331,"willingness","n.","意願/樂意","Her willingness to help was clear. / He showed a willingness to learn.","她樂於助人的意願很明顯。 / 他表現出學習的意願。",""
332,"loyal","adj.","忠誠的","He has been a loyal customer for many years.","他多年來一直是忠實的顧客。",""
333,"patronage","n.","支持/贊助/光顧","The restaurant relies on the patronage of local residents. / We appreciate your patronage.","這間餐廳依賴當地居民的支持。 / 我們感謝您的光顧。",""
334,"enclosed","adj.","圍繞的，封閉的","The garden was enclosed by a high wall.","花園被高牆圍繞著。",""
335,"broadly","adv.","廣泛地","The issue was broadly discussed in the meeting.","這個議題在會議中被廣泛地討論。",""
336,"badge","n.","徽章，識別證","Employees are required to wear their company badges.","員工必須佩戴公司徽章。",""
337,"advise of","phr. v.","通知...關於...","Please advise us of any changes to the schedule.","請告知我們任何日程上的變動。",""
338,"cooperation","n.","合作","The project requires close cooperation between different departments.","這個專案需要不同部門之間的密切合作。",""
339,"hardship","n.","艱難，困苦","Many families faced economic hardship during the recession.","許多家庭在經濟衰退期間面臨經濟困難。",""
340,"orchestra","n.","管弦樂團","The orchestra played a beautiful symphony.","管弦樂團演奏了一首優美的交響樂。",""
341,"seminar","n.","研討會","I attended a very informative marketing seminar.","我參加了一個非常有內容的行銷研討會。",""
342,"institute","n.","學院，研究所","The research institute is dedicated to finding a cure for cancer.","這間研究機構致力於尋找癌症的治療方法。",""
343,"opera","n.","歌劇","We went to see a famous opera last night.","我們昨晚去看了一場著名的歌劇。",""
344,"cast","n.","演員陣容","The cast of the play received rave reviews.","這齣戲的演員陣容獲得了極高的評價。",""
345,"crew","n.","工作人員","The film crew worked long hours to complete the movie.","電影工作人員長時間工作以完成這部電影。",""
346,"convention","n.","大會，習俗","Thousands of people attended the annual trade convention.","成千上萬的人參加了年度貿易大會。",""
347,"veteran","n.","資深人士，老兵","He is a veteran journalist with over 20 years of experience.","他是一位擁有超過 20 年經驗的資深記者。",""
348,"contact lens","n.","隱形眼鏡","She prefers wearing contact lenses to glasses.","她比較喜歡戴隱形眼鏡而不是眼鏡。",""
349,"disposable","adj.","拋棄式的","The hospital uses disposable gloves for hygiene.","這間醫院為了衛生起見使用拋棄式手套。",""
350,"opt","vi.","選擇","Many students opted to study abroad.","許多學生選擇出國留學。",""
351,"express","adj.","快速的","We took the express train to the city center.","我們搭乘快車前往市中心。",""
352,"renew","vt.","更新，續訂","I need to renew my driver's license soon.","我很快就需要更新我的駕駛執照了。",""
353,"draw","vt.","抽籤","They will draw lots to decide the winner.","他們將抽籤決定獲勝者。",""
354,"extend","vt.","延長，提供","The company decided to extend the deadline.","公司決定延長截止日期。",""
355,"charity","n.","慈善機構","She volunteers for a local charity.","她在一個當地的慈善機構擔任志工。",""
356,"banquet","n.","宴會","The company held a grand banquet to celebrate its anniversary.","公司舉辦了一場盛大的宴會來慶祝週年紀念。",""
357,"renowned","adj.","著名的","He is a renowned chef known for his innovative cuisine.","他是一位以創新料理聞名的著名廚師。",""
358,"executive","n.","高階主管","The company's executives met to discuss the new strategy.","公司的高階主管們開會討論新的策略。",""
359,"corporate","adj.","公司的","She works in the corporate headquarters.","她在公司總部工作。",""
360,"administrative","adj.","行政的，管理的","She has strong administrative skills.","她擁有很強的管理技能。",""
361,"aid","n.","幫助，援助","The organization provides financial aid to students.","這個組織向學生提供經濟援助。",""
362,"advanced","adj.","先進的","This is an advanced technology.","這是一項先進的技術。",""
363,"tactic","n.","策略，戰術","The team used a clever tactic to win the game.","這個團隊使用了一個巧妙的策略贏得了比賽。",""
364,"admission","n.","入場費/許可","The admission fee to the museum is ten dollars. / She gained admission to a prestigious university.","博物館的入場費是十美元。 / 她獲得了一所著名大學的入學許可。",""
365,"glitch","n.","小故障，小問題","There was a minor technical glitch during the presentation.","簡報過程中出現了一個小小的技術故障。",""
366,"warranty","n.","保固","The product comes with a one-year warranty.","這個產品提供一年的保固。",""
367,"savvy","adj.","精明的，有見識的","He is a savvy businessman with a keen understanding of the market.","他是一位精明的商人，對市場有敏銳的理解。",""
368,"ave","abbr.","大街 (Avenue 的縮寫)","The restaurant is located on Main Ave.","這間餐廳位於主要大街上。",""
369,"finalist","n.","決賽選手","She is a finalist in the singing competition.","她是歌唱比賽的決賽選手。",""
370,"costume","n.","服裝，戲服","The actors wore elaborate costumes for the play.","演員們在戲劇中穿著精心製作的服裝。",""
371,"palette","n.","調色盤，色彩範圍","The artist used a vibrant palette in her painting.","這位藝術家在她的畫作中使用了鮮豔的調色盤。",""
372,"certificate","n.","證書","She received a certificate for completing the course.","她因完成課程而獲得證書。",""
373,"embroidery","n.","刺繡","The dress had beautiful floral embroidery.","這件洋裝有精美的花卉刺繡。",""
374,"contestant","n.","參賽者","He is a contestant in the cooking show.","他是烹飪節目的參賽者。",""
375,"publicity","n.","宣傳，公眾關注","The event generated a lot of publicity.","這個活動引起了很多公眾關注。",""
376,"fame","n.","名聲","The actor achieved international fame.","這位演員獲得了國際聲譽。",""
377,"accomplishment","n.","成就","Winning the award was a significant accomplishment.","贏得這個獎項是一項重要的成就。",""
378,"veterinarian","n.","獸醫","We took our sick cat to the veterinarian.","我們帶生病的貓去看獸醫。",""
379,"clinical","adj.","臨床的","The hospital conducted a clinical trial for the new drug.","這間醫院為這種新藥進行了臨床試驗。",""
380,"tidy","adj.","整潔的","Her room is always clean and tidy.","她的房間總是乾淨整潔。",""
381,"medical","adj.","醫學的","She has a medical condition that requires regular treatment.","她有一種需要定期治療的疾病。",""
382,"surgery","n.","手術","He had to undergo surgery for his injury.","他因傷必須接受手術。",""
383,"zoology","n.","動物學","She is majoring in zoology at the university.","她在大學主修動物學。",""
384,"welfare","n.","福祉，福利","The government is concerned about the welfare of its citizens.","政府關心其公民的福祉。",""
385,"attire","n.","服裝","Formal attire is required for the gala.","晚會需要正式服裝。",""
386,"estate","n.","地產，遺產","He inherited a large estate from his grandparents.","他從祖父母那裡繼承了一大筆遺產。",""
387,"assist","vt.","幫助，協助","The nurse will assist the doctor during the procedure.","護士將在手術過程中協助醫生。",""
388,"commerce","n.","商業，貿易","The internet has greatly facilitated global commerce.","網路極大地促進了全球貿易。",""
389,"situate","vt.","使位於，使坐落於","The hotel is situated near the beach.","這間飯店位於海灘附近。",""
390,"prime","adj.","首要的，最佳的","This is a prime example of modern architecture.","這是現代建築的最佳範例。",""
391,"front-base lobby","n.","前台大廳","The front-base lobby was spacious and welcoming.","前台大廳寬敞且令人感到舒適。",""
392,"drive","n./vt.","車程/車道/駕駛","It's a long drive to the mountains. / Park your car in the drive. / She learned how to drive.","開車去山區的路途很長。 / 把你的車停在車道上。 / 她學會了開車。",""
393,"heritage","n.","遺產，傳統","The city has a rich cultural heritage.","這座城市擁有豐富的文化遺產。",""
394,"eatery","n.","食堂，餐飲店","There are many small eateries near the office building.","辦公大樓附近有很多小餐館。",""
395,"interior","adj.","內部的","The interior design of the house is very modern.","這間房子的內部設計非常現代。",""
396,"wire","n./vt.","電線，金屬絲/接電報","Be careful not to touch the exposed wire. / The news was wired to all major outlets.","小心不要觸摸裸露的電線。 / 這則新聞被電報發送給所有主要媒體。",""
397,"renovate","vt.","翻新，整修","They decided to renovate the old building.","他們決定翻新這棟舊建築。",""
398,"antique","adj.","古董的","She collects antique furniture.","她收藏古董家具。",""
399,"fixture","n.","固定裝置，設備","The bathroom fixtures are all made of chrome. / The factory has new industrial fixtures.","浴室的固定裝置都是鍍鉻的。 / 這間工廠有新的工業設備。",""
400,"cosmopolitan","adj.","國際化的，世界性的","New York City is a very cosmopolitan city.","紐約市是一個非常國際化的都市。",""
401,"hub","n.","樞紐，中心","The airport is a major transportation hub.","這座機場是一個主要的交通樞紐。",""
402,"retail","n.","零售","The retail industry has been affected by online shopping.","零售業受到了網路購物的影響。",""
403,"lease","vt./n.","租賃/租約","We decided to lease the apartment for a year. / The lease agreement specifies the terms of the rental.","我們決定租這間公寓一年。 / 租賃合約詳細說明了租賃條款。",""
404,"celebrate","vt.","慶祝","We will celebrate his birthday next week.","我們下週將慶祝他的生日。",""
405,"property","n.","財產，房地產","The company owns a lot of property in the downtown area.","這間公司在市中心擁有許多房地產。",""
406,"patron","n.","顧客，贊助人","The bookstore has many loyal patrons.","這間書店有很多忠實顧客。",""
407,"accordance","n.","一致，依照","The project was completed in accordance with the agreed-upon terms.","這個專案是按照約定的條款完成的。",""
408,"congressman","n.","美國國會議員","The congressman addressed the crowd at the rally.","這位美國國會議員在集會上向群眾發表演說。",""
409,"acquaint","vt.","使認識，使熟悉","Let me acquaint you with the members of the team.","讓我向您介紹一下團隊成員。",""
410,"merchandise","n.","商品","The store sells a wide range of sports merchandise.","這間商店販售各式各樣的運動商品。",""
411,"theater","n.","劇院","We are going to the theater tonight.","我們今晚要去劇院。",""
412,"booth","n.","小隔間，攤位","There was a photo booth at the party.","派對上有一個照相亭。",""
413,"reservation","n.","預訂","I have a dinner reservation for two at 7 PM.","我預訂了晚上七點兩人份的晚餐。",""
414,"venue","n.","場地","The concert will be held at a large outdoor venue.","這場演唱會將在一個大型戶外場地舉行。",""
415,"violinist","n.","小提琴手","The orchestra hired a talented young violinist.","這支管弦樂團聘請了一位才華洋溢的年輕小提琴手。",""
416,"balcony","n.","陽台，包廂","We had seats on the balcony overlooking the stage.","我們的座位在俯瞰舞台的陽台上。",""
417,"box seat","n.","包廂座位","They watched the performance from a box seat.","他們從包廂裡觀看了表演。",""
418,"stock up","v.","囤積","We need to stock up on groceries before the storm.","我們需要在暴風雨來臨前囤積食物。",""
419,"mild","adj.","溫和的","The weather today is mild and pleasant.","今天的天氣溫和宜人。",""
420,"bitterness","n.","苦澀，怨恨","There was a hint of bitterness in his voice.","他的聲音中帶有一絲苦澀。",""
421,"blend","vt./n.","混合/混合物","Blend the ingredients together in a bowl. / This coffee has a rich blend of flavors.","將所有材料在碗中混合。 / 這款咖啡有著豐富的混合風味。",""
422,"entitle","vt.","使有權利","Your ticket entitles you to a free drink.","您的票讓您有權獲得一杯免費飲料。",""
423,"refund","vt./n.","退款/退款額","The store will refund your money if you return the item. / I received a full refund for the damaged product.","如果您退回商品，商店將退款。 / 我收到了損壞商品的全部退款。",""
424,"renovate","vt.","翻新，整修","They plan to renovate the kitchen next year.","他們計畫明年翻新廚房。",""
425,"receipt","n.","收據","Please keep your receipt for warranty purposes.","請保留您的收據以作為保固憑證。",""
426,"expedite","vt.","加速，加快","We will expedite the shipping of your order.","我們將加快您訂單的運送速度。",""
427,"voucher","n.","禮券，折價券","I used a voucher to get a discount on my purchase.","我用一張折價券購買商品獲得了折扣。",""
428,"inspection","n.","檢查，檢驗","The building failed the safety inspection.","這棟建築未能通過安全檢查。",""
429,"compliance","n.","遵守，合規","The company has strict rules for regulatory compliance.","這間公司有嚴格的法規遵循規定。",""
430,"audit","n./vt.","審計/審查","The company undergoes an annual financial audit. / The tax authorities will audit his records.","公司每年都會進行財務審計。 / 稅務機關將審查他的帳目。",""
431,"enrollment","n.","註冊，登記","The enrollment period for the new semester ends next week.","新學期的註冊期限到下週結束。",""
432,"complication","n.","併發症，糾紛","There was a complication during the surgery. / The deal was delayed due to a legal complication.","手術過程中出現了併發症。 / 由於法律糾紛，這筆交易被延遲了。",""
433,"apron","n.","圍裙","Mary always wears an apron when she bakes cookies.","Mary 烤餅乾的時候總是穿著圍裙。",""
434,"stir-fried","adj.","快炒的","John ordered stir-fried noodles for lunch.","John 午餐點了快炒麵。",""
435,"browse","v.","瀏覽","Alice likes to browse online bookstores for new titles.","Alice 喜歡在線上書店瀏覽新書。",""
436,"shelve","v./n.","擱置；上架；架子","The manager decided to shelve the new product line for now. / Tom helped me put the books on the new shelf.","經理決定暫時擱置新的產品線。 / Tom 幫我把書放到新的架子上。",""
437,"cushion","n.","墊子；緩衝","The sofa has soft cushions that make it very comfortable.","這張沙發有柔軟的墊子，坐起來非常舒適。",""
438,"lift","v./n.","舉起；電梯","Could you help David lift this heavy box? / The lift is temporarily out of service.","你能幫 David 舉起這個重箱子嗎？ / 電梯暫時停止服務。",""
439,"ladder","n.","梯子","Michael used a ladder to clean the gutters.","Michael 用梯子清理水槽。",""
440,"shelf","n.","架子","Lisa put her favorite books on the top shelf.","Lisa 把她最喜歡的書放在最上面的架子上。",""
441,"long-sleeved","adj.","長袖的","Peter prefers to wear long-sleeved shirts even in summer.","Peter 即使在夏天也喜歡穿長袖襯衫。",""
442,"tent","n.","帳篷","They set up a tent in the campground.","他們在露營地搭起了一個帳篷。",""
443,"sauce","n.","醬汁","Emily added some extra tomato sauce to her pasta.","Emily 在她的義大利麵裡加了一些額外的番茄醬。",""
444,"waitress","n.","女服務生","The waitress politely asked for our order.","這位女服務生很有禮貌地詢問我們要點什麼。",""
445,"gloves","n.","手套","Sarah wears warm gloves in the winter.","Sarah 冬天戴著保暖的手套。",""
446,"lost and found","n.","失物招領處","If you can't find your wallet, check the lost and found.","如果你找不到你的錢包，去失物招領處看看。",""
447,"out of order","adj.","故障","The coffee machine in the office is out of order again.","辦公室裡的咖啡機又故障了。",""
448,"handout","n.","講義；傳單","The professor gave the students a handout with the lecture notes. / The volunteer handed out flyers on the street.","教授給學生們一份包含講義筆記的講義。 / 這位志願者在街上發放傳單。",""
449,"outlet","n.","插座；暢貨中心","Please plug the lamp into the nearest outlet. / We found great deals at the designer outlet store.","請將檯燈插到最近的插座上。 / 我們在設計師暢貨店找到了很棒的折扣商品。",""
450,"full-course","adj.","全套的","The restaurant offers a delicious full-course dinner.","這間餐廳提供美味的全套晚餐。",""
451,"relative","n./adj.","親戚；相對的","My relatives live in different states. / The price is relatively high compared to others.","我的親戚住在不同的州。 / 相較於其他的，這個價格相對較高。",""
452,"inclement","adj.","氣候惡劣的","Due to the inclement weather, the outdoor event was canceled.","由於氣候惡劣，戶外活動被取消了。",""
453,"devise","v.","設計；發明","The engineers are trying to devise a more efficient system.","工程師們正試圖設計一個更有效率的系統。",""
454,"splendid","adj.","壯麗的；極好的","The view from the balcony was splendid. / We had a splendid time at the party hosted by Jessica.","從陽台看到的景色非常壯麗。 / 我們在 Jessica 主辦的派對上玩得很開心。",""
455,"count on / upon","v.","依賴；指望","You can always count on your friends for support.","你總是能指望你的朋友們的支持。",""
456,"blow ... away","v.","使...印象深刻；徹底擊敗","The magician's performance blew the audience away. / Our team blew their rivals away in the final game.","魔術師的表演讓觀眾印象深刻。 / 我們的隊伍在決賽中徹底擊敗了他們的對手。",""
457,"liter","n.","公升","Kevin bought a liter of orange juice.","Kevin 買了一公升的柳橙汁。",""
458,"decline","v./n.","下降；拒絕","The company's profits declined sharply last quarter. / She sent a polite decline to the invitation.","公司上季度的利潤大幅下降。 / 她禮貌地回絕了邀請。",""
459,"heritage","n.","遺產；傳統","The museum showcases the rich cultural heritage of the region.","這間博物館展示了該地區豐富的文化遺產。",""
460,"ceremony","n.","典禮；儀式","The graduation ceremony was held in the main hall.","畢業典禮在主禮堂舉行。",""
461,"eagle","n.","老鷹","We spotted a majestic eagle soaring above the mountains.","我們看到一隻雄偉的老鷹在群山上方翱翔。",""
462,"bull","n.","公牛","The farmer kept the bull in a separate pen.","這位農夫把公牛養在一個獨立的欄裡。",""
463,"defensive back","n.","後衛","The defensive back made a crucial interception in the final seconds.","這位後衛在最後幾秒做出了一次關鍵的攔截。",""
464,"blizzard","n.","暴風雪","The blizzard made driving conditions very dangerous.","暴風雪使得駕駛狀況非常危險。",""
465,"halfway","adv./adj.","中途地；一半地","They stopped halfway through their hike to rest. / The project is halfway to completion.","他們在徒步旅行的中途停下來休息。 / 這個專案完成了一半。",""
466,"fiercely","adv.","猛烈地；激烈地","The storm raged fiercely throughout the night. / The two teams competed fiercely for the championship.","暴風雨整夜猛烈地肆虐。 / 這兩支隊伍為了冠軍激烈地競爭。",""
467,"clog","v./n.","阻塞；障礙物","Hair can often clog the bathroom drain. / There was a clog in the pipe.","頭髮經常會阻塞浴室的排水管。 / 管道裡有阻塞物。",""
468,"cleat","n.","鞋釘；防滑釘","The soccer players wore cleats for better traction on the field.","足球員穿著有鞋釘的鞋子，以便在場地上有更好的抓地力。",""
469,"magnificently","adv.","壯麗地；極好地","The fireworks display was magnificently colorful. / She played the piano magnificently.","煙火表演絢麗多彩。 / 她鋼琴彈得極好。",""
470,"cotton","n.","棉花","This t-shirt is made of 100% cotton.","這件 T 恤是百分之百純棉的。",""
471,"cashmere","n.","羊絨","She received a soft cashmere scarf as a gift.","她收到了一條柔軟的羊絨圍巾作為禮物。",""
472,"fabric","n.","布料；織物","The curtains are made of a heavy velvet fabric.","這些窗簾是用厚重的絲絨布料製成的。",""
473,"decent","adj.","體面的；還不錯的","William earns a decent salary at his new job. / We had a decent meal at the local diner.","William 在他的新工作中賺著一份還不錯的薪水。 / 我們在當地的小餐館吃了一頓還不錯的飯。",""
474,"bargain","n./v.","便宜貨；討價還價","I found a real bargain on this leather jacket. / They tried to bargain for a lower price at the market.","我在這件皮夾克上撿到便宜貨。 / 他們試圖在市場上討價還價以獲得更低的價格。",""
475,"parking lot","n.","停車場","Jennifer parked her car in the parking lot behind the building.","Jennifer 把她的車停在建築後面的停車場。",""
476,"board","n./v.","木板；董事會；登上","The information was written on a whiteboard. / He is a member of the board of directors. / Passengers are now boarding gate 5.","資訊寫在白板上。 / 他是董事會成員。 / 旅客現在開始從 5 號登機門登機。",""
477,"adventure","n.","冒險","They embarked on an exciting hiking adventure in the mountains.","他們開始了一場令人興奮的山區健行冒險。",""
478,"regrettably","adv.","令人遺憾地","Regrettably, Olivia will not be able to attend the conference.","令人遺憾地，Olivia 將無法參加會議。",""
479,"pamphlet","n.","小冊子","I picked up a pamphlet about the historical sites in the city.","我拿起了一本關於城市歷史遺跡的小冊子。",""
480,"cruise","n./v.","遊輪；巡航","They went on a relaxing cruise to the Bahamas. / The boat cruised gently along the river.","他們去巴哈馬群島進行了一次輕鬆的遊輪之旅。 / 這艘船沿著河流緩慢地巡航。",""
481,"embarkation","n.","登船；上飛機","Embarkation for flight BA249 will begin in thirty minutes.","BA249 航班將在三十分鐘後開始登機。",""
482,"amusement park","n.","遊樂園","The kids had a fantastic time at the amusement park.","孩子們在遊樂園玩得非常開心。",""
483,"branch","n.","樹枝；分公司","A squirrel ran up a branch of the oak tree. / The bank has several branches throughout the city.","一隻松鼠爬上橡樹的一個樹枝。 / 這間銀行在全市有多家分行。",""
484,"grand","adj.","宏偉的；盛大的","They attended a grand wedding at the cathedral.","他們參加了一場在教堂舉行的盛大婚禮。",""
485,"bistro","n.","小酒館","We enjoyed a delicious dinner at a cozy little bistro.","我們在一家舒適的小酒館享用了美味的晚餐。",""
486,"livestock","n.","家畜","The farmer feeds his livestock every morning.","這位農夫每天早上餵養他的家畜。",""
487,"sirloin","n.","西冷牛排（取自牛後腰脊部的嫩肉）","Robert ordered a juicy sirloin steak cooked medium-rare.","Robert 點了一份烹調至半生熟、多汁的西冷牛排。",""
488,"all-time favorite","adj.","一直以來最喜歡的","This is my all-time favorite movie directed by Steven Spielberg.","這部 Steven Spielberg 導演的電影是我一直以來最喜歡的。",""
489,"couch","n.","沙發","Jessica relaxed on the couch after a long day at work.","Jessica 在漫長的工作日後在沙發上放鬆。",""
490,"tear down","v.","拆除","They are going to tear down the old factory next month.","他們下個月將拆除那間舊工廠。",""
491,"shift","n./v.","輪班；轉移","I have the early morning shift this week. / There has been a significant shift in the company's strategy.","我這週上早班。 / 公司的策略發生了顯著的轉移。",""
492,"paycheck","n.","薪資支票","Michael received his paycheck at the end of the week.","Michael 在週末收到了他的薪資支票。",""
493,"revise","v.","修訂；修改","Alice needs to revise her report before the deadline.","Alice 需要在截止日期前修訂她的報告。",""
494,"amphitheater","n.","圓形劇場；競技場","The ancient amphitheater could hold thousands of spectators.","這座古老的圓形劇場可以容納數千名觀眾。",""
495,"genre","n.","類型；體裁","What genre of books does David enjoy reading?","David 喜歡閱讀哪種類型的書？",""
496,"pharmaceutical","adj.","製藥的；藥品的","She works in the research and development department of a large pharmaceutical company.","她在一間大型製藥公司的研發部門工作。",""
497,"is intrigued by","v.","被...吸引","Emily is intrigued by the mysteries of the universe.","Emily 對宇宙的奧秘感到著迷。",""
498,"remedy","n.","治療；補救辦法","There is no easy remedy for the common cold.","普通感冒沒有簡單的治療方法。",""
